{
    "music.secondwarning":{
        "subtitle": "LobotomyCorporation OST - Second Warning",
        "sounds": [
            {
                "name":"masworld:music/secondwarning",
                "stream": true
            }
        ]
    },
    "music.hacknet_malwareinjection":{
        "subtitle": "Hacknet OST - Malware Injection",
        "sounds": [
            {
                "name":"masworld:music/hacknet_malwareinjection",
                "stream": true
            }
        ]
    },
    "music.test_your_luck":{
        "subtitle": "sapheria_xplicit - test your luck",
        "sounds": [
            {
                "name":"masworld:music/test_your_luck",
                "stream": true
            }
        ]
    },
    "music.approximate_nightmare":{
        "subtitle": "sapheria_xplicit - approximate nightmare",
        "sounds": [
            {
                "name":"masworld:music/approximate_nightmare",
                "stream": true
            }
        ]
    },
    "music.panic_track":{
        "subtitle": "Hacknet OST - Panic Track",
        "sounds": [
            {
                "name":"masworld:music/panic_track",
                "stream": true
            }
        ]
    },
    "music.roller_mobster":{
        "subtitle": "Hacknet OST - Roller Mobster",
        "sounds": [
            {
                "name":"masworld:music/roller_mobster",
                "stream": true
            }
        ]
    },
    "music.morshuwave":{
        "subtitle": "Memnicus - M O R S H U W A V E",
        "sounds": [
            {
                "name":"masworld:music/morshuwave",
                "stream": true
            }
        ]
    },
    "music.make_it":{
        "subtitle": "Minecraft Story Mode Season 2 OST - Make It",
        "sounds": [
            {
                "name":"masworld:music/make_it",
                "stream": true
            }
        ]
    },
    "music.boot_up":{
        "subtitle": "Minecraft Story Mode Season 2 OST - Boot Up",
        "sounds": [
            {
                "name":"masworld:music/boot_up",
                "stream": true
            }
        ]
    },
    "music.reuben":{
        "subtitle": "Minecraft Story Mode Season 1 OST - Reuben",
        "sounds": [
            {
                "name":"masworld:music/reuben",
                "stream": true
            }
        ]
    },
    "music.no_more_creepers":{
        "subtitle": "Minecraft Story Mode Season OST - No More Creepers",
        "sounds": [
            {
                "name":"masworld:music/no_more_creepers",
                "stream": true
            }
        ]
    },
    "music.doubletime":{
        "subtitle": "Work at a pizza place OST - Double Time",
        "sounds": [
            {
                "name":"masworld:music/doubletime",
                "stream": true
            }
        ]
    },
    "music.almost_closing_time":{
        "subtitle": "Work at a pizza place OST - Almost closing time",
        "sounds": [
            {
                "name":"masworld:music/almost_closing_time",
                "stream": true
            }
        ]
    },
    "music.an_afternoon_appetite":{
        "subtitle": "Work at a pizza place OST - An afternoon appetite",
        "sounds": [
            {
                "name":"masworld:music/an_afternoon_appetite",
                "stream": true
            }
        ]
    },
    "music.good_morning_pizzeria":{
        "subtitle": "Work at a pizza place OST - Good morning Pizzeria",
        "sounds": [
            {
                "name":"masworld:music/good_morning_pizzeria",
                "stream": true
            }
        ]
    },
    "music.stars_shine_like_pepperonis":{
        "subtitle": "Work at a pizza place OST - Stars shine like pepperonis",
        "sounds": [
            {
                "name":"masworld:music/stars_shine_like_pepperonis",
                "stream": true
            }
        ]
    },
    "music.chaos1":{
        "subtitle": "Chaos1",
        "sounds": [
            {
                "name":"masworld:music/chaos1",
                "stream": true
            }
        ]
    },
    "music.chaos2":{
        "subtitle": "Chaos2",
        "sounds": [
            {
                "name":"masworld:music/chaos1",
                "stream": true
            }
        ]
    },
    "music.chaos3":{
        "subtitle": "Chaos3",
        "sounds": [
            {
                "name":"masworld:music/chaos3",
                "stream": true
            }
        ]
    },
    "music.watch_the_world_burn":{
        "subtitle": "IITPP OST - Watch the world burn",
        "sounds": [
            {
                "name":"masworld:music/watch_the_world_burn",
                "stream": true
            }
        ]
    },
    "music.horde_theme":{
        "subtitle": "IITPP OST - Horde Theme",
        "sounds": [
            {
                "name":"masworld:music/horde_theme",
                "stream": true
            }
        ]
    },
    "music.skin_on_our_teeth":{
        "subtitle": "IITPP OST - Horde Theme",
        "sounds": [
            {
                "name":"masworld:music/skin_on_our_teeth",
                "stream": true
            }
        ]
    }
}
